product_id;sku
2380;12001711
2391;12001722
5259;16011669
2371;12001702
5101;30007810
2407;12001738
4837;30003177
2408;12001739
2430;12001763
2394;12001725
2452;12001785
2400;12001731
2466;12001800
2428;12001761
2464;12001798
2429;12001762
2365;12001430
2388;12001719
2409;12001740
4869;30003131
2458;12001792
3848;30009543
2406;12001737
2420;12001753
2434;12001767
2375;12001706
2364;12001248
2423;12001756
2421;12001754
2874;30001904
2844;30001702
2379;12001710
2449;12001782
2454;12001787
2436;12001769
2427;12001760
2463;12001797
2525;12001859
2396;12001727
2399;12001730
2390;12001721
2432;12001765
2385;12001716
6396;12003555
2442;12001775
2462;12001796
2455;12001788
2431;12001764
2524;12001858
2440;12001773
2360;12001223
2382;12001713
2453;12001786
2415;12001748
2384;12001715
4202;30009985
2446;12001779
4927;30006753
8487;16012172
2451;12001784
2411;12001744
2467;12001801
2465;12001799
2456;12001790
3283;30007685
2367;12001698
2378;12001709
2393;12001724
2438;12001771
2412;12001745
2414;12001747
2376;12001707
2450;12001783
2389;12001720
2461;12001795
2426;12001759
2377;12001708
2443;12001776
2425;12001758
2395;12001726
2433;12001766
2369;12001700
2383;12001714
2366;12001697
8828;12004291
8862;12004317
5394;30008298
4784;16011604
2362;12001238
2404;12001735
2398;12001729
2401;12001732
4152;30009928
2373;12001704
2387;12001718
4786;12002025
7716;30005507
4798;12002137
4841;30000295
5387;12002031
5118;30003277
4775;16011495
2435;12001768
3217;30006235
3250;30006932
2413;12001746
5304;12002716
8404;12003624
4708;30011254
4783;30006582
5272;16011700
5260;16011498
5265;12002114
3741;30009407
8469;12003743
4773;16011496
8863;12004318
6317;12003249
5300;12002006
5263;12002029
4120;30009889
2908;30002467
5384;12002503
4871;30011262
2493;12001828
8829;16012342
2403;12001734
4758;16011409
4755;12002068
4797;12002136
4884;12002139
2468;12001802
5276;12001961
4757;16011408
2504;12001839
4778;12002111
4795;12002135
5386;12002524
2392;12001723
5280;12001980
4777;30011317
5388;12003056
4094;30009861
5270;12002120
2459;12001793
2960;30003116
2469;12001803
4896;30006944
4897;30006780
4883;12002140
4789;12002021
5319;12002188
4913;16004401
5299;12001997
5303;30001516
4796;12002134
5302;30009241
2512;12001847
5258;16011695
3581;30009218
5385;12002504
5264;12002115
2370;12001701
4903;30000788
8488;12003762
4790;30011321
6011;12002621
4898;30000963
4914;15000027
5290;16011723
3971;30009712
2934;30002862
3822;30009505
4844;30006694
2470;12001804
3705;30009371
4788;12002022
4327;30010109
5314;12002178
4970;30000054
4902;30007819
2417;12001750
5898;12002475
4930;30004683
5061;30003372
4961;30008424
8781;12004238
4791;30011322
5021;30006259
3539;30009165
5839;12001990
5039;30003191
5277;30011264
8830;16012340
5040;30004008
5267;12002117
5309;12002721
3467;30009085
5029;30000496
5052;16002403
4964;30008645
4959;30004334
6216;12003214
4774;16011497
4949;30002867
8864;12004319
2987;30003282
2652;30000176
8470;12003740
4845;30008600
5305;12002717
4873;30011265
8489;12003763
2490;12001825
4719;16011415
4899;30000878
4956;30005916
4986;30003959
8466;12003635
5266;12002116
2471;12001805
4962;30008230
3821;30009504
5315;12002192
5051;15000019
5312;12002194
4785;16011616
5050;15000158
5318;12002187
5026;30003082
5308;12002720
5317;12002186
4900;30006561
4992;30005388
4963;30008670
4799;12002129
3857;30009552
4995;30007972
5313;12003049
4935;30002941
4911;15000243
7093;30003731
4709;30011255
4760;16011411
3557;30009189
5074;16003398
7098;30011934
4960;30003886
5046;30004643
5030;30004933
5062;30007929
5075;30005072
2472;12001806
2479;12001813
4872;30011263
2473;12001807
2506;12001841
5306;12002718
5488;12002305
4982;30004151
4957;30006223
5049;15000001
5027;30004996
5053;30000264
4958;30006355
4780;12002113
4692;30009046
5279;12002125
2507;12001842
2508;12001843
4907;16002393
4937;30001014
5393;30011239
4922;30007198
4909;30007747
2988;30003283
2477;12001811
2474;12001808
4938;30004861
8782;12004239
5028;30003122
5321;12002195
5336;12002171
4904;30007871
2489;12001824
2488;12001823
5003;30006989
4892;12002102
4940;30004649
8471;12003741
2491;12001826
4876;30011268
5332;12002175
2482;12001817
2496;12001831
5274;16011702
2868;30001885
2475;12001809
4917;16005342
5320;12003050
4801;12002131
5284;12002004
5333;12002167
7233;30004568
8831;12004292
2437;12001770
5330;12002163
4919;16002883
4707;16011342
4874;30011266
5335;12002169
4848;30000598
4875;30011267
4969;30002916
4939;30007174
4905;30000939
4983;30003621
5327;12003052
5322;12002177
3969;30009709
2495;12001830
4945;30002858
4934;30004682
8865;12004320
5334;12002168
5018;30002810
5323;12002185
5311;12002165
2485;12001820
5310;12002166
2481;12001815
2476;12001810
3468;30009086
2492;12001827
2729;30000658
4528;30010303
8367;12003613
4746;12002071
5331;12003053
8490;12003764
5325;12003051
4847;30000235
4954;30006231
4943;30002852
4910;30004174
4932;30007148
4912;16007774
4942;30008612
4948;30001652
4763;16011456
4626;30010419
3515;30009129
5283;12002003
5328;12002196
4908;16002246
8591;12003994
4925;12001455
2550;12001884
2578;15000030
4805;12001962
4920;30005187
4923;30005338
3827;30009515
3804;30009478
4966;30008654
4078;30009840
4928;30000853
4967;30005599
4849;30005191
4951;30008772
3285;30007733
4971;30006843
4764;16011457
2544;12001878
2607;16011167
3342;30008953
4931;30005052
2545;12001879
2560;12001894
4990;30003628
4878;30011271
4968;30008932
2540;12001874
4936;30005233
8641;16012234
2582;15001475
2510;12001845
2611;16011171
5344;12002170
4941;30004323
4979;30010479
2520;12001854
8486;12003761
5286;12002153
5326;12002190
4877;30011269
4879;30011272
4980;30002957
2590;16010042
4720;30011240
3109;30004438
4921;30005462
5340;12002191
2533;12001867
4766;30011316
4947;30003602
5268;12002118
2681;30000367
2501;12001836
4804;12001959
5342;12002164
2521;12001855
2614;30000007
4965;30008647
4991;30003699
5341;12002197
5346;12002180
5345;12002176
4729;12002088
5004;30002412
2594;16011148
8491;12003765
5339;12003054
2609;16011169
2602;16011155
5338;12002173
4926;30004560
4950;30003838
2494;12001829
2592;16010047
2554;12001888
8783;12004240
8832;12004315
4924;30006353
5343;12002174
2563;12001897
2989;30003304
4730;12002089
4944;30004734
4715;30011230
4972;30002909
5285;12002142
4850;30002327
8866;12004321
2583;15001476
4955;30005798
4946;30004713
4422;30010192
2606;16011160
5357;12002571
8867;12004322
2617;30000017
4974;30004599
2572;12001906
4846;30000796
4768;30011318
8467;12003636
2567;12001901
6980;30012008
2573;12001907
2627;30000082
4973;30005375
4806;12001963
4984;30000263
2561;12001895
4853;30006251
5350;12002184
2568;12001902
2613;30000005
2551;12001885
2615;30000010
2600;16011153
3721;30009387
4807;12001964
5352;12002373
2696;30000455
4640;30010430
2505;12001840
2532;12001866
2559;12001893
5347;12002181
2542;12001876
5348;12002182
3819;30009501
2569;12001903
5000;30002323
4325;30010108
2596;16011149
4686;30011147
2593;16011146
2549;12001883
2612;30000003
8492;12003766
4978;30004349
2576;12001910
2597;16011150
5355;12002318
4882;12002030
2528;12001862
5008;30008012
2522;12001856
5068;30008456
2599;16011152
2618;30000042
2518;12001852
4880;12002027
2523;12001857
2541;12001875
4808;12001965
4987;30004502
5351;12002328
2619;30000048
5353;12002317
2616;30000011
2570;12001904
2622;30000059
2621;30000057
2577;15000009
2526;12001860
4881;12002028
2546;12001880
8833;12004314
8784;12004241
2587;16001162
2548;12001882
3022;30003501
4246;30010017
2478;12001812
4803;12001960
2553;12001887
2530;12001864
5282;12002002
2603;16011156
4893;12002126
2509;12001844
2608;16011168
2514;12001849
2598;16011151
4769;30011319
8724;12004114
2513;12001848
4852;30004112
2740;30000742
5041;30001751
5034;30007487
4985;30004190
2745;30000770
4855;30000857
5360;12002568
5356;12002349
2639;30000104
5015;30004953
4716;30011252
5377;12002498
4809;12001966
2722;30000616
3394;30009004
3473;30009089
5054;30000265
5011;30008177
5072;30004951
5370;12002162
4810;12001967
2693;30000431
5031;30007830
4811;12001968
2635;30000093
8493;12003767
2636;30000096
5016;30002808
5038;30001106
4996;30005862
8785;12004242
4856;30006145
4740;12002079
5066;30003989
4989;30005464
4999;30004367
8473;12003744
2629;30000088
3570;30009203
5367;12002143
5020;30004005
4813;12001970
4998;30008653
5005;30005600
5013;30001391
5035;30000552
2637;30000100
3081;30004041
4814;12001971
3046;30003667
5010;30007164
4857;30003791
2641;30000111
5661;12002791
2670;30000298
2647;30000143
5022;30002959
2704;30000494
5036;30004303
5778;12002269
2519;12001853
2631;30000089
3719;30009386
5719;12002452
5014;30001800
4770;30011320
2638;30000103
8834;12004293
3348;30008962
5368;12002144
8868;12004323
5007;30002718
5292;12002223
4858;30001643
4988;30005424
4860;30001757
2663;30000257
5067;30003492
5009;30005336
2640;30000110
5012;30000999
2625;30000079
8726;12004116
2633;30000090
4993;30007896
4859;30000703
5032;30004743
5037;30005800
5374;12002507
5361;12002559
6567;12003536
2738;30000719
2753;30000829
2695;30000444
2727;30000643
2719;30000595
2651;30000171
2683;30000371
4717;12001974
2685;30000385
2708;30000525
7193;30010776
2718;30000588
5058;30008664
2678;30000348
2725;30000636
2733;30000698
2665;30000260
5048;30006565
5042;30003212
2731;30000683
2743;30000756
5188;30003088
2706;30000512
2717;30000585
2691;30000415
2645;30000135
2646;30000140
2667;30000277
2676;30000329
3287;30007749
7112;30004921
2662;30000231
8468;12003638
2705;30000510
4040;30009801
2757;30000882
2686;30000399
2746;30000799
2707;30000514
2673;30000317
2689;30000411
2675;30000327
2754;30000839
2734;30000706
2714;30000562
8494;12003768
2713;30000553
2744;30000764
2720;30000608
4861;30003306
2715;30000570
2684;30000375
2660;30000221
2724;30000623
2711;30000543
2661;30000230
2692;30000419
5055;30002220
2721;30000609
2677;30000347
5059;30000162
5045;30004673
2732;30000687
2680;30000362
2728;30000656
2648;30000158
8775;12001993
5044;30000435
2742;30000755
2690;30000412
2751;30000820
2739;30000739
2750;30000818
2789;30001214
4815;16011603
2716;30000573
5043;30005756
8835;12004313
2664;30000259
2702;30000491
5382;12002723
8786;12004243
2700;30000479
2761;30000920
2701;30000487
5060;30004165
5047;30004935
2653;30000196
4894;12002127
2688;30000404
2726;30000640
2650;30000170
2730;30000668
8727;12004117
2658;30000212
8869;12004324
5106;30001788
5130;30005863
5137;30004688
5105;16010054
5077;30007468
2778;30001053
2782;30001088
5115;30000116
2791;30001216
5080;30010787
8776;12003642
5081;30003634
4816;30003007
4820;30004368
2790;30001215
5100;30005786
5119;30004421
5126;30003624
5089;30007916
5086;30003961
5129;30008082
3317;30008136
4744;12002074
5143;30005269
5065;30004722
5083;30004965
8836;12004294
8787;12004244
5057;30003261
5111;30006325
2759;30000912
8475;12003746
5091;30005734
5110;30010486
5099;30005437
2788;30001167
5117;30002470
5135;30005282
5153;30004167
4863;30002823
5063;30004177
2760;30000919
4819;30008124
6899;30012013
4864;30009251
5098;30005785
5108;30006082
4862;30001377
5109;30006083
4866;30002840
2444;12001777
5112;30006727
8870;12004325
5121;30003446
5406;12002615
5155;30001559
5113;30003347
5132;30006203
5104;16010053
2802;30001358
5127;30005727
5102;16010051
5085;30004978
5134;30003095
5116;30001111
4817;30004556
5131;30007169
4818;30005357
5096;16011279
2762;30000927
5156;30003460
5157;30003463
5122;30003447
5078;30001464
5120;30003386
5079;30003169
5082;30002686
5162;30004944
5123;16000028
5124;30006628
5164;30001152
4743;12002072
5125;30003623
5103;16010052
4410;30010176
2781;30001085
4865;30003018
5136;30003096
2374;12001705
5138;30007721
5139;30004687
5097;30001745
8407;12003626
5148;30000182
2779;30001059
2766;30000954
5145;30006009
4867;30004351
4823;30008601
5186;30004333
5185;30003756
5212;30008655
5213;30008656
5166;30006133
5216;30004488
5219;30007933
5190;30006667
4752;12002064
5199;30008605
5182;30001724
4825;30008206
4748;12002069
2786;30001127
5197;30004231
5167;30005939
4753;12002063
3088;30004194
2768;30000985
2669;30000296
5198;30007172
2784;30001094
5192;30002553
4824;30006356
8777;12003745
2772;30001043
5193;30004591
5200;30002512
5215;30008337
5218;30002132
5232;30004110
5149;30000968
5174;30006768
5231;30004278
2777;30001052
4827;30007611
5234;30005943
4822;30010481
5233;30007978
5154;30005169
5140;30003159
8624;12004027
5179;30008756
2499;12001834
5144;30001185
4826;30003901
2787;30001166
2794;30001254
2806;30001390
5177;30002182
5241;30003742
4794;12002128
5235;30003714
5128;30005317
2770;30001040
5180;30008462
5226;15000872
5221;30007903
4751;12002065
5171;30000816
5183;30008497
5184;30006619
5017;30002809
5151;30002105
5237;30000427
5187;30000977
8495;12003769
5240;30001944
2805;30001385
4868;30002951
5152;30001148
5214;30006369
8788;12004245
5230;30003687
2460;12001794
4747;12002070
2774;30001045
5146;30006010
5160;30008931
5161;30008032
5150;30006831
8476;12003747
8871;12004326
5239;30005035
5141;30005262
8837;12004367
5181;30002151
5189;30010491
2902;30002280
2817;30001526
2913;30002684
5196;30000272
2803;30001369
2842;30001701
2917;30002550
2901;30002210
2796;30001285
2859;30001826
2906;30002423
2804;30001374
2894;30002117
2907;30002364
2831;30001668
2879;30001917
2801;30001350
2872;30001899
2833;30001672
2850;30001741
5194;30001447
5873;12002904
2912;30002546
2863;30001840
2927;30002804
2808;30001399
2811;30001450
2855;30001818
5114;30000209
2865;30001848
2849;30001742
2818;30001529
2900;30002163
5195;30000270
2903;30002309
2799;30001317
2795;30001281
2881;30001923
2834;30001683
2819;30001532
2918;30002763
2895;30002123
8789;12004246
2893;30002103
2891;30002091
2822;30001595
5191;30010482
2810;30001424
2888;30002053
8778;16002088
2853;30001801
2797;30001305
2920;30002773
2923;30002778
2882;30001925
2816;30001519
2821;30001589
2909;30002485
2840;30001692
2904;30002326
5372;12002505
2861;30001839
2847;30001725
2897;30002136
2871;30001896
2890;30002089
2835;30001685
2887;30002020
2905;30002340
2851;30001781
2798;30001313
2820;30001568
5201;30008450
2898;30002146
2886;30002049
2899;30002160
2925;30002780
2824;30001596
2829;30001639
2914;30002712
2921;30002776
2866;30001853
3979;30009723
2814;30001500
2915;30002717
2511;12001846
2919;30002767
8496;12003770
2857;30001825
2924;30002779
2837;30001689
8838;16012339
2889;30002077
2815;30001506
2827;30001632
2928;30002805
8872;12004327
5211;30007187
5210;16007035
5222;30007834
2933;30002856
2954;30003076
2931;30002839
4840;30006923
2974;30003221
5255;30000577
2969;30003193
4835;30001072
5224;30010488
4832;30005377
2937;30002882
5362;12002314
5487;12002304
2986;30003280
2948;30003039
5254;30005987
4839;30001278
2875;30001905
2951;30003047
5225;30008494
8477;30009545
2956;30003097
5202;30006767
2976;30003230
2940;30002893
5244;30005609
2945;30002980
5242;30003743
3574;30009209
5246;30005399
2944;30002878
2938;30002885
2959;30003113
2932;30002850
8497;12003771
2957;30003101
2941;30002945
2971;30003211
2655;30000199
4829;30008104
2977;30003236
2978;30003242
5245;30004361
5253;30005126
5256;30004329
2968;30003190
2992;30003321
4838;30000922
2939;30002892
2982;30003250
5243;30000781
5165;30001154
2972;30003213
5223;30003650
2942;30002956
5206;30008699
5337;12002172
2967;30003187
2991;30003317
2962;30003130
5247;30005400
5252;30007915
2935;30002865
2970;30003194
3331;30008620
5251;30008214
5205;30008698
2946;30003011
4834;30000436
5204;30008622
2961;30003124
2936;30002866
4830;30000002
3975;30009715
2985;30003281
2965;30003173
8873;12004328
2958;30003112
2955;30003091
5207;30008763
4831;30001491
2930;30002817
2980;30003244
4953;30001245
5203;30005658
2947;30003038
4836;30000407
2964;30003166
2990;30003305
2752;30000825
5208;30008640
2984;30003271
8790;12004247
8779;16008883
8839;12004295
4741;12002080
5257;30003934
3057;30003707
3000;30003366
3029;30003570
2994;30003337
3093;30004291
3038;30003610
3049;30003674
3098;30004331
3071;30003995
3055;30003701
3111;30004487
3112;30004554
3099;30004337
3108;30004420
3025;30003506
3084;30004113
2999;30003365
3155;30005000
5376;12002606
3076;30004012
3009;30003397
3115;30004578
2998;30003363
3037;30003609
3095;30004313
3090;30004263
3043;30003651
2993;30003322
8431;12003627
2981;30003249
3023;30003503
8791;12004248
3056;30003702
3083;30004097
8874;12004329
3016;30003464
3077;30004015
3089;30004260
2995;30003340
3041;30003640
3101;30004378
3042;30003645
3027;30003547
3074;30003998
3005;30003376
3067;30003967
3028;30003549
2372;12001703
3061;30003762
3094;30004299
8738;12004129
3097;30004330
2735;30000707
3058;30003711
3063;30003905
3019;30003488
3032;30003583
3054;30003698
3096;30004314
8498;12003772
3104;30004409
3078;30004037
3020;30003495
3010;30003413
5173;30005739
3085;30004148
3072;30003996
3069;30003980
3034;30003603
3068;30003968
3144;30004900
3075;30004003
3030;30003572
3017;30003468
3018;30003474
4977;30005855
3149;30004957
3026;30003526
3100;30004363
3105;30004415
3110;30004444
8780;16011406
3113;30004558
3070;30003982
3091;30004276
3086;30004168
3114;30004565
3079;30004039
3082;30004042
3073;30003997
3031;30003581
3033;30003585
3011;30003416
8595;12003998
8840;12004311
3092;30004279
3066;30003966
3002;30003367
3102;30004388
3007;30003393
3170;30005158
3219;30006262
3202;30005923
3249;30006926
3275;30007480
3271;30007205
3222;30006298
3237;30006595
3276;30007516
3147;30004917
3246;30006847
3156;30005032
3132;30004823
3154;30004995
3236;30006593
3168;30005146
3245;30006841
3186;30005555
3201;30005833
8739;12004130
3244;30006837
3141;30004882
3248;30006876
3218;30006238
3267;30007140
3282;30007666
2445;12001778
3251;30006951
3292;30007835
3257;30006993
3142;30004893
3229;30006451
3161;30005080
3199;30005735
3117;30004628
3121;30004660
3162;30005102
3260;30007035
3125;30004744
3274;30007454
3126;30004769
3227;30006421
3216;30006198
5229;30003686
5142;30005327
3183;30005386
3238;30006657
3124;30004721
5076;30008367
3181;30005341
3145;30004913
3247;30006869
3129;30004812
8600;12004003
3228;30006440
3243;30006825
3123;30004716
8479;12002005
3291;30007813
4787;12002026
3160;30005068
3130;30004821
3188;30005577
3134;30004843
3220;30006282
3189;30005580
3277;30007518
3252;30006953
3138;30004878
3173;30005226
8792;12004249
3281;30007664
3182;30005384
3215;30006195
3223;30006319
3153;30004994
3208;30006166
3151;30004993
3191;30005627
3190;30005589
3139;30004880
3164;30005106
3120;30004630
8432;12003628
3232;30006488
3166;30005138
3194;30005729
3174;30005243
3158;30005047
3118;30004629
3175;30005258
3196;30005730
3197;30005731
3262;30007080
3122;30004678
3165;30005122
8499;12003773
3242;30006819
8472;12003742
3136;30004867
8841;12004296
3206;30006086
3278;30007541
3305;30008001
3470;30009087
3210;30006175
3329;30008616
3398;30009010
3350;30008964
3345;30008958
3352;30008965
3333;30008643
3358;30008969
2457;12001791
3448;30009063
3224;30006323
3339;30008700
3380;30008989
8370;12003616
3240;30006776
4749;12002067
3286;30007739
3362;30008973
3460;30009077
3450;30009065
3472;30009088
3259;30007032
3265;30007090
3341;30008952
3451;30009066
3315;30008097
8480;12002024
3344;30008957
6930;30012022
3272;30007210
3365;30008975
3361;30008971
3478;30009098
3298;30007932
3384;30008992
3325;30008326
3307;30008027
3320;30008280
3397;30009009
3234;30006572
5837;12002880
5349;12002183
3452;30009068
5172;30001776
3288;30007751
3163;30005104
3231;30006465
3382;30008990
3193;30005661
3494;30009114
3484;30009105
3241;30006777
3294;30007869
3311;30008088
3318;30008165
3334;30008665
3310;30008037
3300;30007966
5220;30007902
3426;30009033
8642;16012246
3396;30009008
3212;30006179
3205;30006078
3356;30008968
3297;30007905
3226;30006367
3323;30008322
3411;30009018
3192;30005650
3496;30009115
3299;30007954
3409;30009016
5159;30002140
3390;30008996
3383;30008991
3399;30009011
3477;30009097
3328;30008504
3327;30008371
3447;30009058
3284;30007709
3488;30009110
3302;30007974
3169;30005157
3171;30005166
5375;12002605
8793;12004250
3401;30009012
3416;30009023
3336;30008696
8603;12004006
3179;30005319
3184;30005407
3485;30009106
3321;30008316
8842;12004310
8617;12004020
3511;30009125
3518;30009135
3480;30009100
3510;30009124
8481;12001992
2780;30001062
3375;30008984
5594;12002200
3423;30009027
3554;30009185
3613;30009254
3370;30008979
3475;30009093
3462;30009080
3368;30008978
3509;30009123
3632;30009267
3474;30009090
8500;12003945
8346;12003596
3506;30009120
3371;30008982
3427;30009035
3620;30009257
3611;30009253
3544;30009170
3490;30009112
3628;30009263
5371;12002492
3522;30009140
3392;30008998
3520;30009137
3559;30009191
3523;30009141
3621;30009258
3602;30009242
3436;30009043
3587;30009224
3439;30009044
3558;30009190
8794;12004251
3449;30009064
2386;12001717
3540;30009166
3389;30008995
8604;12004007
3538;30009164
3366;30008976
3556;30009187
3626;30009261
3549;30009177
3422;30009026
8643;12004073
3501;30009118
3479;30009099
3537;30009163
3514;30009128
3431;30009037
3529;30009148
3519;30009136
3424;30009029
3347;30008961
3571;30009204
3364;30008974
3461;30009079
3403;30009013
3434;30009041
3503;30009119
3583;30009220
3459;30009075
8742;12004133
3457;30009073
3486;30009109
3343;30008956
3536;30009162
6962;30011771
2910;30002492
3444;30009054
3453;30009069
3633;30009268
3354;30008967
3513;30009127
3592;30009232
3367;30008977
3425;30009031
3391;30008997
8433;12003629
3543;30009169
3393;30008999
3565;30009200
3545;30009171
3562;30009196
3497;30009116
3464;30009083
3607;30009249
3414;30009020
3589;30009226
8843;12004297
5025;30004064
3527;30009145
3569;30009202
3723;30009388
3610;30009252
3546;30009174
3728;30009392
3745;30009411
3746;30009412
3634;30009269
3517;30009133
3695;30009352
3561;30009195
3604;30009245
3731;30009395
3704;30009366
3687;30009343
3655;30009292
3737;30009402
3685;30009340
3279;30007548
3702;30009364
3670;30009313
8501;12003946
3547;30009175
8644;12004074
3614;30009255
3567;30009201
3650;30009289
3667;30009310
3729;30009393
3553;30009184
3683;30009338
3585;30009222
3590;30009229
3541;30009167
3744;30009408
3532;30009153
3635;30009270
3591;30009231
3551;30009181
3689;30009347
3508;30009122
3692;30009349
3662;30009301
3672;30009319
5147;30006011
3616;30009256
3666;30009309
3706;30009370
3686;30009341
8482;12003751
3560;30009194
3736;30009401
3528;30009147
3550;30009178
3675;30009322
3643;30009281
3596;30009234
3624;30009260
5373;12002506
3601;30009238
3712;30009378
3552;30009182
3647;30009286
3696;30009353
3677;30009326
3637;30009272
8605;12004008
3534;30009157
3526;30009144
8876;12004331
3656;30009293
3530;30009149
3668;30009311
3573;30009207
3680;30009329
3694;30009351
3751;30009417
3458;30009074
3682;30009337
3749;30009415
3555;30009186
8744;12004135
3609;30009250
3658;30009296
3630;30009264
3575;30009212
3708;30009373
3531;30009150
3703;30009365
3701;30009363
3582;30009219
3735;30009400
3718;30009385
3599;30009237
3577;30009213
8844;12004309
8795;12004252
3595;30009233
3578;30009216
3679;30009328
3777;30009440
3798;30009471
3641;30009279
3646;30009285
3865;30009558
3824;30009508
3803;30009476
3836;30009524
3868;30009563
3858;30009553
3638;30009273
3753;30009420
3664;30009307
3606;30009248
3748;30009414
3844;30009534
8371;12003600
3850;30009548
3876;30009572
3870;30009565
3690;30009342
3754;30009421
3790;30009462
3700;30009361
3869;30009564
3756;30009423
3713;30009379
3814;30009495
3800;30009472
3813;30009492
8645;12004076
3693;30009350
3873;30009570
3652;30009290
3752;30009419
3463;30009082
3889;30009586
3778;30009441
3784;30009452
3045;30003663
3782;30009448
3770;30009433
3740;30009405
3760;30009428
3747;30009413
3787;30009456
3757;30009424
3665;30009308
3678;30009327
3801;30009474
3715;30009381
3671;30009318
8502;12003947
3726;30009390
3642;30009280
3831;30009521
3847;30009540
3730;30009394
3864;30009556
3709;30009374
3654;30009291
3761;30009429
3755;30009422
3881;30009577
3648;30009287
3661;30009299
3688;30009344
3808;30009483
3855;30009551
3779;30009442
3681;30009331
3603;30009244
3810;30009489
3837;30009525
3707;30009372
3796;30009468
3674;30009321
3825;30009510
3663;30009302
8796;12004253
3644;30009283
3781;30009444
3802;30009475
3780;30009443
3764;30009430
3717;30009383
8608;12004011
3691;30009348
2402;12001733
3725;30009389
3734;30009399
3649;30009288
3793;30009465
3727;30009391
3657;30009295
3809;30009486
8623;12004026
8845;16012336
8877;12004332
8483;12003750
3897;30009606
3806;30009480
3853;30009550
3933;30009668
3771;30009435
4020;30009776
3923;30009660
3789;30009459
3845;30009536
3987;30009732
3970;30009711
3909;30009636
3961;30009700
4007;30009758
3811;30009490
3930;30009666
3786;30009455
3851;30009549
3871;30009569
3914;30009649
4003;30009754
3952;30009692
3996;30009742
3980;30009724
3788;30009457
3993;30009739
3920;30009658
3916;30009651
7077;30011794
3929;30009663
3783;30009450
3918;30009653
3846;30009537
4015;30009770
3838;30009527
3903;30009630
3878;30009575
2741;30000711
3792;30009464
4004;30009755
3898;30009609
8746;12004137
8609;12004012
3791;30009463
3893;30009590
3774;30009439
3896;30009602
3956;30009694
3977;30009722
3997;30009743
3990;30009727
4006;30009757
4000;30009748
3818;30009500
3900;30009621
3879;30009576
3972;30009713
3963;30009702
3805;30009479
4009;30009761
8372;12003601
2826;30001609
3904;30009632
3895;30009597
3899;30009618
3816;30009496
3883;30009579
5587;12002205
8646;12004078
3839;30009529
3939;30009677
3877;30009573
3901;30009622
3891;30009587
3862;30009554
3830;30009517
3826;30009512
3989;30009736
3867;30009560
3965;30009704
3812;30009491
4013;30009766
3902;30009627
8797;12004254
3823;30009506
3973;30009714
3968;30009707
8640;12004043
3921;30009659
3874;30009571
3887;30009582
3785;30009454
3892;30009588
3888;30009584
3833;30009522
8620;12004023
8846;12004298
8484;12003748
3954;30009693
8878;12004333
4102;30009868
7094;30007860
4028;30009789
4042;30009803
3942;30009681
4024;30009782
3906;30009633
4134;30009904
3931;30009667
4149;30009922
4126;30009897
3964;30009703
3943;30009682
4069;30009832
4001;30009752
4026;30009787
4085;30009849
4012;30009765
4155;30009931
4033;30009794
4027;30009788
8373;12003602
4049;30009814
3936;30009673
4111;30009879
8504;12003949
4092;30009857
4122;30009892
4099;30009866
4083;30009847
2418;12001751
4023;30009780
3938;30009675
4105;30009871
4140;30009911
4119;30009888
3927;30009662
3944;30009683
3976;30009717
8706;12004176
3962;30009701
4019;30009775
4137;30009908
4016;30009771
4031;30009792
8647;12004080
4104;30009869
4047;30009812
4041;30009802
4136;30009906
4053;30009819
4084;30009848
4116;30009884
4062;30009828
8402;12003622
3940;30009678
8798;12004255
4029;30009790
4096;30009863
8485;12003749
4127;30009899
4017;30009773
4080;30009842
4075;30009838
4145;30009918
4101;30009867
3999;30009745
2997;30003362
4130;30009903
4021;30009778
8747;12004138
4030;30009791
3932;30009664
4154;30009930
3959;30009698
3934;30009669
4032;30009793
4118;30009887
8408;30011570
2877;30001908
3935;30009671
4141;30009913
4117;30009885
4139;30009910
3994;30009740
2361;12001233
3960;30009699
4135;30009905
4034;30009795
4128;30009900
3910;30009641
4091;30009858
4008;30009760
4011;30009764
3167;30005139
8611;12004014
3913;30009646
8847;12004299
4055;30009823
3982;30009726
4025;30009784
7096;30000930
4254;30010026
4217;30009998
4314;30010097
4185;30009964
4188;30009968
4036;30009797
3894;30009592
4312;30010094
3233;30006521
8505;30012549
5363;12002342
4183;30009962
8648;12004081
3319;30008244
4169;30009945
5278;12002122
4121;30009891
4214;30009997
4260;30010033
4044;30009806
4107;30009873
4046;30009810
4051;30009817
4043;30009804
4333;30010114
4088;30009854
4124;30009894
4113;30009881
4196;30009977
4293;30010070
4256;30010028
4171;30009947
4190;30009969
4057;30009824
4070;30009833
4068;30009831
4316;30010099
4174;30009950
4177;30009953
4305;30010085
4163;30009938
4166;30009941
4298;30010076
3925;30009661
4301;30010081
8749;12004140
4252;30010024
4060;30009826
3951;30009691
4195;30009976
4038;30009799
4181;30009959
4176;30009952
4082;30009846
4248;30010019
4264;30010039
4194;30009975
8799;12004256
4054;30009821
4098;30009865
4212;30009996
4144;30009917
4184;30009963
4286;30010064
4162;30009937
4315;30010098
4167;30009942
4257;30010029
4153;30009929
4413;30010179
8879;12004362
4272;30010047
4189;30009971
4271;30010046
4037;30009798
4192;30009973
4168;30009944
4172;30009948
4071;30009834
4165;30009940
4081;30009843
4095;30009862
4123;30009893
4186;30009965
4178;30009954
4097;30009864
4148;30009921
8612;12004015
4159;30009933
4050;30009816
4197;30009978
4261;30010036
4035;30009796
2363;12001241
8848;12004308
4200;30009982
4321;30010106
4125;30009895
4187;30009967
4199;30009981
4320;30010105
4193;30009974
4267;30010042
4279;30010057
4502;30010277
4750;12002066
4284;30010062
4332;30010113
4353;30010130
4355;30010133
8375;12003604
4339;30010117
4317;30010100
4245;30010016
8800;12004289
4210;30009995
4303;30010083
4380;30010159
4304;30010084
4388;30010162
4244;30010015
4341;30010120
4366;30010142
4255;30010027
4396;30010166
4400;30010168
4052;30009818
4328;30010110
4307;30010088
4365;30010141
4297;30010075
4359;30010135
4287;30010066
4294;30010072
4220;30009999
4348;30010127
4370;30010148
4336;30010115
4277;30010054
4369;30010146
4239;30010011
4347;30010124
8144;30011541
4276;30010051
4205;30009988
4376;30010155
8563;12003966
4203;30009986
4207;30009990
8849;12004300
4198;30009980
4310;30010092
4391;30010164
4229;30010006
4268;30010044
4247;30010018
3945;30009684
4382;30010160
4394;30010165
4201;30009984
4362;30010138
4906;12001348
4409;30010175
4262;30010037
4241;30010012
4322;30010107
4295;30010073
8649;12004084
4371;30010149
3255;30006986
4225;30010004
4269;30010045
4231;30010007
4343;30010121
4377;30010156
4385;30010161
4375;30010153
4311;30010093
4250;30010022
4259;30010032
4337;30010116
4289;30010067
8667;12004091
4263;30010038
4204;30009987
8750;12004141
4208;30009991
4306;30010087
8613;12004016
4345;30010122
4349;30010128
8506;12003774
4346;30010123
4222;30010001
4296;30010074
8880;12004335
3128;30004795
4454;30010228
4500;30010273
4438;30010210
4441;30010213
4456;30010229
4597;30010382
4428;30010199
4432;30010204
3699;30009360
4518;30010293
4407;30010174
4434;30010205
4523;30010298
4508;30010283
4519;30010295
8801;12004258
4591;30010375
4469;30010238
8614;12004017
4443;30010215
4517;30010292
4411;30010177
4594;30010378
4497;30010269
3340;30008951
4576;30010352
4398;30010167
4496;30010268
4403;30010171
4503;30010278
4451;30010223
4522;30010297
4458;30010231
4492;30010266
4405;30010173
4540;30010311
8507;12003775
2813;30001481
8626;12004029
4484;30010249
4544;30010315
4445;30010217
4429;30010200
4521;30010294
4506;30010281
4509;30010284
4418;30010185
4425;30010196
4505;30010280
4416;30010182
4478;30010247
4419;30010186
4490;30010258
4534;30010307
4488;30010254
4536;30010308
4466;30010235
4460;30010232
4486;30010250
4579;30010356
4453;30010227
4468;30010237
4514;30010288
4532;30010306
4561;30010330
4487;30010252
4449;30010221
4507;30010282
4430;30010202
3535;30009158
4424;30010195
4516;30010289
2502;12001837
4420;30010187
4447;30010218
4526;30010301
4493;30010267
8410;30011571
8650;12004086
8752;12004143
4524;30010299
4427;30010198
4426;30010197
4444;30010216
8376;12003605
4471;30010239
4476;30010246
8850;12004301
4472;30010240
4462;30010233
8881;12004336
2575;12001909
4431;30010203
4541;30010312
4545;30010318
4474;30010243
4616;30010395
4501;30010275
8508;12003776
4558;30010328
4630;30010423
4629;30010422
4665;30010443
4680;30010465
3739;30009404
3645;30009284
8802;12004286
4563;30010333
4573;30010349
4586;30010365
3004;30003368
4623;30010417
4612;30010391
4592;30010376
4637;30010429
7111;30011797
4676;30010459
4631;30010424
4546;30010319
8754;12004145
4065;30009829
4258;30010031
4656;30010439
4681;30010466
4589;30010373
4651;30010436
4138;30009909
4659;30010440
2723;30000617
4687;30011148
4530;30010304
4675;30010457
4608;30010389
4566;30010337
4551;30010323
4593;30010377
4647;30010434
4627;30010420
4556;30010326
4619;30010414
4689;30011158
4674;30010454
2586;16000162
4076;30009839
4615;30010394
4691;30011163
4645;30010433
3103;30004407
4644;30010432
4636;30010428
4685;30011146
4632;30010425
4602;30010385
4584;30010363
4570;30010344
2624;30000077
4481;30010248
4671;30010451
3843;30009533
4621;30010415
4565;30010336
8851;12004307
4635;30010427
3021;30003500
3697;30009356
8651;12004088
4625;30010418
4673;30010453
4669;30010449
4667;30010447
4628;30010421
4402;30010170
4598;30010383
4642;30010431
4684;30010471
4666;30010444
4617;30010413
8615;12004018
4672;30010452
3941;30009680
8882;12004337
4572;30010346
4550;30010322
4560;30010329
4571;30010345
3631;30009265
4578;30010354
4649;30010435
4280;30010058
4652;30010437
4654;30010438
4670;30010450
4087;30009853
5273;16011701
8411;30011554
5430;12002755
5402;12002598
5429;12002738
2410;12001743
3289;30007756
3981;30009725
3264;30007108
5435;12002768
5168;30005940
5064;30001471
8530;12004046
4227;30010005
5422;12002493
5419;12002489
4762;12001973
4158;30009932
5437;12002773
3605;30009247
4504;30010279
5431;12002729
8803;12004260
3064;30003949
2517;12001816
8557;12003959
5413;12002482
4142;30009916
3440;30009051
4005;30009756
5414;12002483
4010;30009762
5169;30005960
7169;30011809
4677;30010460
3107;30004419
3580;30009217
5407;12002364
3958;30009696
5398;12002607
5405;12002611
5438;12002742
8755;12004146
3235;30006573
5433;12002756
5432;12002753
5418;12002488
3036;30003605
5416;12002486
3482;30009103
4357;30010134
2589;16002407
5417;12002487
4886;12002138
2867;30001867
5399;12002608
5420;12002490
2439;12001772
5410;12002576
4014;30009768
5415;12002485
3413;30009019
5434;12002739
5423;12002499
5436;12002760
8652;12004066
5424;12002500
2883;30001975
3820;30009502
8852;30012630
4664;30010442
5409;12002575
5439;12002769
2666;30000274
3476;30009096
5397;12002590
3598;30009236
7162;30001400
2610;16011170
5401;12002597
5395;12002033
2585;16000161
3861;30009555
4622;30010416
5400;12002610
5425;12002501
8412;30012367
2763;30000943
5228;30010493
5411;12002366
3772;30009436
8883;12004338
4683;30010469
4682;30010467
5298;12001979
3376;30008985
2839;30001691
3698;30009359
5408;12002566
4679;30010463
8616;12004019
5478;12002357
7171;30000776
7170;30001389
5489;12002306
3834;30009523
5442;12002770
5447;12002730
8740;12004131
5452;12002757
4994;30003451
8413;30011578
5493;12002310
5479;12002389
8596;12003999
5474;12002785
5456;12002762
5527;12002424
5544;12002467
6194;12003427
5518;12002411
5463;12002740
5529;12002437
5464;12002759
5473;12002784
5461;12002752
5468;12002779
5475;12002786
5443;12002764
5472;12002783
5444;12002776
5536;12002455
5521;12002415
5454;12002765
4754;12002062
4738;12002077
5466;12002733
5470;12002781
5458;12002766
5469;12002780
5441;12002743
5462;12002732
5545;12002468
5532;12002444
5498;12002685
5465;12002737
3807;30009481
5451;12002744
5477;12002614
5445;12002750
5501;12002684
5538;12002457
5502;12002682
5494;12002690
5503;12002625
5495;12002658
8409;12003563
5537;12002456
5515;12002408
8853;12004302
8377;12003606
5497;12002562
5509;12002677
5510;12002556
5460;12002758
5511;12002565
5534;12002453
5481;12002298
5543;12002466
5517;12002410
5500;12002554
5507;12002651
5496;12002594
5467;12002778
5530;12002441
5512;12002398
5522;12002416
5516;12002409
5520;12002414
5523;12002417
8653;12004067
5519;12002412
5446;12002754
2547;12001881
5524;12002418
5505;12002688
5640;12002481
5531;12002443
5525;12002419
5482;12002299
5449;12002736
5513;12002399
5455;12002745
2767;30000967
5540;12002463
5533;12002445
5546;12002470
5539;12002462
5541;12002464
8804;12004261
8549;12004065
8884;12004339
2963;30003135
7469;30007789
8854;12004303
7172;30010867
8805;12004262
4739;12002078
5294;12002826
5549;12002612
7686;30000250
4891;12001986
5547;12002471
7684;30000394
3623;30009259
8414;30011582
4265;30010040
8636;12004039
3349;30008963
3640;30009278
8511;12003779
8654;12004068
5548;12002472
4150;30009925
8378;12003607
5624;12002371
5565;12002311
3738;30009403
8551;12003951
8618;12004021
8885;12004340
3947;30009686
8625;12004028
7185;30011928
7471;30000875
7685;30004022
8149;30011601
7186;30012122
2966;30003174
8743;12004134
7689;30004852
8379;12003608
7694;30002041
3065;30003958
6937;30011748
8619;12004022
7690;30000043
5552;12002350
2642;30000112
5324;12002189
5550;12002394
3421;30009025
2698;30000464
8512;12003780
7691;30011484
5448;12002771
4512;30010286
5178;30005069
8415;30009155
5553;12002353
8745;12004136
8855;12004304
8655;12004069
8806;12004263
4329;30010111
8886;12004341
6350;12003551
4106;30009872
2498;12001833
7693;30006263
7221;30012142
5660;12002790
7717;30012168
8856;16012337
7728;30012172
8156;30011580
8157;30011581
8656;12004070
8167;30011510
7777;30007917
8181;30011494
7727;30012171
7715;30012167
8159;30011474
8161;30011604
8183;30011551
7740;30004928
7759;30010929
7703;30012163
7756;30012182
3710;30009376
4164;30009939
7761;30000637
3765;30009431
8807;12004264
4890;12001984
7778;30012191
5457;12002763
8162;30011546
3296;30007898
8622;12004025
7768;30011843
6351;12003552
2515;12001850
8133;30011561
8138;30011559
8705;12004175
8887;12004365
5551;12002390
7335;30011453
5574;12002367
7713;30004670
7776;30008607
8185;30011612
8513;12003781
4614;30010393
8380;12003609
8184;30011573
7779;30002890
8182;30011492
8753;12004144
4300;30010079
5571;12002380
5572;12002332
8163;30011499
5576;12002377
7702;30004804
3373;30008983
7781;30007673
5573;12002388
8160;30011522
7752;30012180
7721;30011832
7720;30006368
8529;12004045
8416;30011538
7348;30011454
3684;30009339
5558;12002345
8136;30008175
7709;30011830
8857;12004305
4745;12002073
8230;30003723
4833;30002950
6622;30011686
7708;30000281
7223;30004998
7711;30005284
7712;30011019
7227;30011815
5554;12002334
8134;30011466
3885;30009581
8808;12004265
8417;30011545
7349;30011493
7705;30012164
7714;30012166
7222;30012143
3842;30009531
2516;12001851
8381;12003610
3295;30007897
5556;12002335
4605;30010387
3270;30007181
8657;12004071
6285;12003152
7706;30011829
8629;12004032
6352;12003553
5484;12002301
8888;12004342
7704;30011828
5557;12002360
5555;12002354
4412;30010178
4266;30010041
2574;12001908
4440;30010211
8631;12004034
8514;12003782
3955;30009695
3673;30009320
7707;30010529
8192;30000453
5632;12002579
5670;12002800
5646;12002509
6638;30008592
5650;12002518
5641;12002494
5569;12002561
8403;30005268
3795;30009467
5659;12002789
8658;12004072
4870;30004328
5636;12002572
5609;12002282
5635;12002396
5666;12002796
5628;12002395
5588;12002203
5603;12002553
5613;12002321
5577;12002368
5614;12002312
5582;12002208
5480;12002297
5597;12002218
5584;12002210
5623;12002361
5561;12002387
5619;12002276
5663;12002793
5664;12002794
5580;12002206
5633;12002379
5583;12002209
5620;12002277
5649;12002517
5570;12002356
5607;12002280
5639;12002582
5645;12002508
5592;12002198
5608;12002281
5585;12002211
5591;12002222
5562;12002337
5593;12002199
5598;12002219
5644;12002497
4596;30010381
3313;30008089
5566;12002391
5618;12002275
5667;12002797
5662;12002792
5589;12002220
8599;12004002
5621;12002278
5671;12002801
5599;12002215
5655;12002523
5616;12002313
5568;12002351
5610;12002283
5654;12002522
5605;12002636
5612;12002285
6960;30011768
5669;12002799
5578;12002213
8858;16012338
8809;12004266
4110;30009877
5611;12002284
5665;12002795
5668;12002798
5630;12002348
8889;12004353
5622;12002584
5638;12002363
5581;12002207
5564;12002372
8633;12004036
5651;12002519
5634;12002374
8515;12003783
5625;12002569
5631;12002386
5656;12002544
4072;30009835
5615;12002316
5575;12002346
5579;12002212
5627;12002570
5626;12002343
5653;12002521
5658;12002788
5590;12002221
7804;30011847
7276;30005991
5672;12002804
3498;30009117
5676;16011816
8326;12003576
8328;12003578
7747;30012178
7762;30012185
8810;12004267
6537;12003344
7820;30011850
2531;12001865
7285;30011539
7770;30003016
4249;30010021
8324;12003574
7719;30005630
7743;30011068
8418;30011624
7803;30012203
7755;30008433
7800;30012200
7286;30011605
8327;12003577
8890;12004343
2949;30003042
7718;30011831
5698;12002333
5674;12002806
5680;12002809
8659;12004075
4423;30010193
2564;12001898
7282;30005990
7466;30004596
5684;12002815
5673;12002805
3290;30007770
7464;30006592
8516;12003784
5682;12002810
8859;12004306
5754;12002870
5697;12002601
7283;30011542
5681;12002811
7764;30012186
7825;30012212
5696;12002633
7220;30011814
5687;12002161
5683;12002813
4613;30010392
7287;30011575
5679;16011814
5685;12002814
5675;12002807
8325;12003575
5695;12002802
7765;30004909
4580;30010359
8141;30011616
5937;12002404
7284;30011524
7763;30011841
7799;30012199
5677;16011815
7279;30003660
3455;30009071
3266;30007128
7724;30011834
7826;30006204
7832;30005525
2929;30002816
8635;12004038
7748;30007687
8811;12004268
5688;12002287
8737;12004128
5749;12003030
5767;12002748
5761;12002877
5760;12002876
5773;12002324
5764;12002767
5742;12002833
5735;12002705
5791;12002262
5710;12002843
8145;30011603
8891;12004354
8558;12003960
5787;12002250
5772;12002341
8384;12003619
5775;12003029
5002;30007889
5714;12002871
5728;12002711
5751;12003033
5771;12002484
8509;12003777
5766;12002747
5758;12002899
5691;12002291
5795;12002265
2758;30000903
5730;12002713
5736;12002706
5770;12002331
5711;12002850
5720;12002502
5709;12002842
5750;12003031
5753;12003035
5706;12002839
5739;12002710
4206;30009989
5701;12002434
2534;12001868
5774;30011430
5716;12002438
5745;12002830
5725;12002527
5718;12002448
5796;12002259
5790;12002248
5690;12002290
5686;12002812
5784;12002252
5729;12002712
5726;12002528
5715;12002432
5722;12002514
5776;12003028
5756;12002897
5693;12002146
5731;12002714
5763;12002885
3388;30008994
5762;12002884
5783;12002254
5723;12002525
2500;12001835
5793;12002270
5769;12002567
5786;12002260
5707;12002840
5748;12002836
5713;12002869
5738;12002708
5692;12002295
5777;12002263
5721;12002513
5712;12002851
5741;12003046
5704;12002446
5768;12002741
5755;12002896
8660;12004077
5747;12002835
5792;12002272
5708;12002841
5740;12003047
4590;30010374
5794;12002253
5727;12002709
5788;12002246
5789;12002264
5765;12002728
5780;12002261
5759;12002901
5732;12002715
8419;30011579
5694;12002803
5782;12002271
5757;12002898
8178;30011549
4180;30009955
3445;30009055
2892;30002096
7723;30012169
8187;30011594
7731;30000198
7733;30006211
6497;12003304
7278;30004450
7736;30012175
4583;30010362
7465;30001128
8166;30011476
8188;30003459
8186;30011639
8347;12003597
4756;16011407
8189;30008766
8146;30011467
8335;12003585
8224;30007605
5542;12002465
5535;12002454
8812;12004269
4736;12002075
5802;12002273
8510;12003778
5800;12002266
4601;30010384
5799;12002258
8717;12004187
5803;12002251
7726;30012170
5801;12002257
7725;30011835
7722;30011833
8152;30011515
5798;12002256
8735;12004125
8518;12003786
8892;12004363
8661;12004079
2535;12001869
4781;16011459
3917;30009652
4499;30010271
8533;12004049
5833;12002037
5809;12002157
4611;30010390
3059;30003754
2441;12001774
5426;12002510
4251;30010023
5269;12002119
5821;12002545
4929;30002940
5453;12002751
4465;30010234
5586;12002204
5785;12002274
3974;30009716
2697;30000458
4242;30010013
3636;30009271
2368;12001699
5421;12002491
3213;30006187
5814;12002202
5817;12001978
5602;12002338
2792;30001239
5647;12002515
4494;30010265
4767;30011323
5815;12002808
5811;12002150
5831;12003202
4364;30010140
5526;12002423
2527;12001861
8692;12004162
5829;12003032
5841;12002859
5804;12002268
5819;12001987
5476;12002580
5702;12002435
8813;12004287
4543;30010314
5832;12002035
8662;12004082
5743;12002829
5827;12002552
5830;12003201
5629;12002578
5812;12002152
2856;30001821
5440;12002774
5822;12002546
5250;30003303
4761;12001972
5617;12002323
8517;12003785
5643;12002496
5810;16011862
5820;12002133
5838;12002881
5805;12002267
5642;12002495
5824;12002548
4115;30009883
5689;12002289
5389;12002032
3481;30009101
3442;30009052
5818;12001982
5471;12002782
5813;12002670
5657;12002787
8893;12004345
3659;30009297
5828;12002832
2800;30001320
4278;30010056
4742;12002081
4191;30009972
5825;12002549
4243;30010014
4782;30008250
5483;12002300
2536;12001870
5450;12002761
3280;30007557
5835;30010341
3984;30009729
5840;12002861
5823;12002547
8374;12003603
5911;12002420
3263;30007084
8814;12004271
5852;12002376
8894;12004346
6409;12003389
5882;12002944
5894;12002864
5893;12002853
3492;30009113
5866;12002586
8663;12004083
5867;12002294
3432;30009039
5906;12002450
8519;12003788
8520;12003789
2765;30000945
5862;12002595
5717;12002442
5864;12002358
5895;12002838
5857;12002347
5933;12002401
5880;12002908
5863;12002603
5856;12002369
2529;12001863
5903;12002461
5843;12003025
5883;12002844
5858;12002359
5912;12002421
5845;12003024
5938;12002406
5881;12002941
4547;30010320
5846;12001981
8693;12004163
5899;12002477
5910;12002422
5908;12002440
5901;12002460
5932;12002430
5948;12002818
5872;12002895
5874;12002905
5947;12002816
5934;12002402
5850;12002041
5909;12002433
5851;12002040
5935;12002403
5875;12002906
5904;12002449
5885;12002344
5929;12002426
5871;12002925
5868;12002936
5930;12002428
5870;12002930
5859;12002596
4567;30010340
5897;12002476
5931;12002429
5926;12002819
5927;12002821
5951;12002825
8815;12004272
7741;30011324
8165;30011472
7289;30011615
7295;30011625
7587;30003259
5504;12002632
5982;12002946
4538;30010310
3047;30003670
5981;12002945
8521;12003791
3794;30009466
5984;12002947
5961;12002929
8756;12004194
5779;12002725
5956;12002921
5954;12002912
8543;12004059
4073;30009837
5973;12002867
5955;12002932
8337;12003587
5983;12002948
5853;12002352
8164;30011563
5987;12002949
5986;12002950
7742;30012177
8150;30011507
5979;12002951
7291;30011517
4564;30010335
8336;12003586
5980;12002952
8664;12004085
8155;30011516
7294;30011565
6906;30004529
5953;12002934
5974;12002858
5975;12002856
5985;12002862
6003;12002329
8338;12003588
5988;12002863
5960;12002928
5989;12002852
3268;30007158
4161;30009936
5949;12002822
8536;12004052
5962;12002943
5963;12002927
5964;12002935
8895;12004355
5950;12002823
5957;12002907
7292;30011567
3239;30006709
7668;30006489
8522;12003792
8151;30011636
8348;12003598
5855;12002375
8757;12004195
6388;12003475
7744;30007191
8559;12003961
7785;30002969
7790;30012194
7792;30012195
7793;30012196
8816;12004273
7669;30001001
5236;30005535
5993;12002866
5992;12002874
5991;12002860
6185;12002473
5994;16011494
8665;12004087
8896;12004347
7732;30012173
3773;30009438
5508;12002669
7745;30011838
2703;30000499
3176;30005260
8697;12004167
7683;30000252
8668;12004092
8401;12003621
7794;30012197
6389;12003476
5970;12002857
3013;30003428
3676;30009323
6015;12002589
6002;12002322
8666;12004089
8758;12004196
8817;12004274
8898;12004356
6013;12002672
6009;12002639
5997;12002124
6012;12002620
6000;12002320
5998;12002640
5958;12002911
5968;12002939
5999;12002635
5969;12002942
5990;12002883
5928;12002427
6006;12002676
5995;16011493
6008;12002393
6014;12002629
6017;12002381
8523;12003801
6005;12002385
6010;12002628
5996;16011492
6016;12002668
8759;12004197
8818;12004275
8153;30011498
2687;30000401
8537;12004053
8669;12004093
7339;30011537
7676;30003001
7735;30000184
7670;30001123
7738;30012176
7739;30007574
8897;12004348
7327;30011512
7766;30012187
3542;30009168
7312;30011555
8154;30011518
4160;30009934
3767;30009432
6106;12002339
4581;30010360
7754;30011840
6001;12002319
3563;30009197
7302;30011451
7671;30003527
6390;12003477
7304;30011564
6191;12003424
2975;30003225
7316;30011633
5506;12002689
5936;12002405
8571;12003974
7737;30011837
7296;30011501
7300;30011618
7326;30011532
7341;30011619
7340;30011465
8524;12003802
8598;12004001
6201;12003434
6189;12003037
8760;12004198
8819;12004276
6159;12002848
6160;12002855
8899;12004349
6203;12003436
8670;12004094
6183;12001996
6180;12002865
6164;12002652
6145;12002645
6205;12003203
6102;12001988
6197;12003430
6148;12002646
6187;12002478
6103;12001998
6200;12003433
6204;12003437
6195;12003428
6178;12002587
6155;12002903
6202;12003435
4668;30010448
6121;12002330
4039;30009800
6190;12003423
6198;12003431
6132;12002849
6161;12002846
6188;12002879
5499;12002362
6193;12003426
6146;12002920
6196;12003429
6163;12002931
6162;12002847
6127;12002878
6128;12002644
6157;12002649
3466;30009084
6177;12002875
6192;12003425
3116;30004624
6186;12002474
6156;12002926
6149;12002824
8169;30011497
2657;30000203
6392;12003479
7746;30004498
8168;30011574
8172;30002891
6210;12003208
7767;30011842
7798;30007890
6208;12003206
7865;30011861
3378;30008986
7819;30011849
7841;30011853
7315;30011566
7787;30006615
7866;30011862
7810;30012206
7758;30012184
4759;16011410
8761;12004199
8820;12004290
6206;12003204
8170;30011511
7812;30008593
5939;12002407
5907;12002439
7306;30011448
7845;30012165
7850;30012279
6207;12003205
8142;30011637
7298;30011530
7673;30003857
4585;30010364
8171;30011638
4048;30009813
8175;30004491
6209;12003207
6353;12003549
7852;30010670
7806;30004428
7682;30005775
7811;30012207
7672;30008203
7751;30004469
7818;30007736
7844;30012315
8174;30002733
8525;12003803
8385;12003620
8731;12004121
8900;12004357
2896;30002130
8173;30011523
7782;30002820
7305;30011634
6220;12003218
7786;30012193
7750;30011839
7775;30002753
7336;30011458
6295;12003112
6255;12003415
8420;30011923
6263;12003233
6306;12003236
6252;12003412
6218;12003216
6229;12003227
6310;12003240
6257;12003417
6313;12003243
6225;12003223
8762;12004200
6312;12003242
8821;12004278
6393;12003480
6315;12003245
6240;12003525
6243;12003528
6239;12003524
6244;12003404
6235;12003520
6221;12003219
6283;12003096
3533;30009154
6254;12003414
8901;12004350
6292;12003163
8526;12003804
6307;12003237
6304;12003060
6305;12003235
6214;12003212
6232;12003517
6279;12003187
6256;12003416
6264;12003234
6250;12003410
6234;12003519
6224;12003222
6213;12003211
4489;30010255
6215;12003213
6246;12003406
6286;12003151
6258;12003418
6266;12003110
6301;12003062
6247;12003407
6238;12003523
8386;12003618
6260;12003230
6262;12003232
6261;12003231
6293;12003164
6233;12003518
6241;12003526
6273;12003179
6316;12003246
2558;12001892
6294;12003184
6277;12003145
6278;12003108
6242;12003527
6267;12003144
6217;12003215
6265;12003135
6166;12002820
6290;12003173
6289;12003171
6288;12003130
6271;12003150
6282;12003180
6284;12003176
6287;12003168
6281;12003183
6269;12003167
6231;12003229
6248;12003408
6236;12003521
6237;12003522
6302;12003063
6303;12003064
6299;12003070
6300;12003072
6298;12003073
6297;12003080
6280;12003182
6272;12003175
3507;30009121
6424;12003438
6391;12003478
6413;12003393
2846;30001714
2571;12001905
3418;30009024
6330;12003460
6382;12003469
6370;12003387
6386;12003473
6328;12003458
6331;12003461
6384;12003471
6407;12003276
6406;12003275
6417;12003397
6355;12003535
6399;12003558
6358;12003532
8822;12004279
6400;12003540
6401;12003541
6402;12003542
6403;12003539
6405;12003530
6341;12003267
8763;12004201
6376;12003450
6411;12003391
6419;12003399
6359;12003544
6346;12003272
6356;12003533
6374;12003448
6410;12003390
6357;12003534
6422;12003402
6416;12003396
6375;12003449
6420;12003400
6414;12003394
6354;12003550
6412;12003392
6326;12003456
6421;12003401
6404;12003529
6324;12003256
6348;12003537
4800;12002130
6349;12003538
6372;12003446
6398;12003557
6378;12003274
8527;12003805
6334;12003260
6395;12003556
6383;12003470
8902;12004358
6336;12003262
6371;12003445
6379;12003466
6343;12003269
6373;12003447
6367;12003384
6408;12003388
6423;12003403
6340;12003266
6377;12003451
2552;12001886
6347;12003273
6385;12003472
6380;12003467
6425;12003439
6361;12003545
6362;12003546
6387;12003474
6342;12003268
6337;12003263
6333;12003259
6327;12003457
6329;12003459
6360;12003548
6381;12003468
6335;12003261
6345;12003271
6363;12003543
6004;12002326
6332;12003258
6319;12003251
6418;12003398
8387;12003617
6532;12003339
7797;30005726
7791;30003746
6228;12003226
2775;30001047
6440;12003487
6444;12003491
6394;12003481
3456;30009072
6437;12003484
7675;30001301
7308;30011610
7322;30011449
8764;12004202
7679;30003866
7788;30011846
6448;12003495
8823;12004288
7807;30000984
6441;12003488
6443;12003490
7677;30011583
3304;30007982
6428;12003442
6445;12003492
4022;30009779
7771;30012189
7773;30011845
6427;12003441
6426;12003440
4175;30009951
8903;12004364
8698;12004168
4885;12002141
6435;12003482
6436;12003483
5490;12002307
6446;12003493
3052;30003682
6442;12003489
7833;30012215
7834;30012216
8147;30011572
6439;12003486
6438;12003485
7835;30012217
3660;30009298
8177;30002911
7789;30002680
7309;30011635
8528;12004044
6429;12003443
6447;12003494
6449;12003496
6495;12003302
6509;12003316
3429;30009036
6544;12003351
6468;12003515
6469;12003516
4542;30010313
6431;12003452
8421;30011560
6526;12003333
2543;12001877
6482;12003289
6456;12003503
6536;12003343
6499;12003306
6489;12003296
6548;12003355
6478;12003285
6472;12003279
6519;12003326
6542;12003349
6450;12003497
6503;12003310
6508;12003315
6480;12003287
6457;12003504
6461;12003508
6474;12003281
6479;12003286
6430;12003444
6433;12003454
6504;12003311
6549;12003356
6227;12003225
6541;12003348
6484;12003291
6529;12003336
6500;12003307
8531;12004047
6471;12003278
6451;12003498
6550;12003357
6459;12003506
6506;12003313
6452;12003499
6502;12003309
6453;12003500
8904;12004359
6460;12003507
6511;12003318
6481;12003288
6477;12003284
6498;12003305
6473;12003280
6488;12003295
6540;12003347
6432;12003453
6539;12003346
6523;12003330
6483;12003290
6467;12003514
6466;12003513
6538;12003345
6464;12003511
6463;12003510
6458;12003505
6485;12003292
6462;12003509
6455;12003502
6454;12003501
6507;12003314
6486;12003293
8765;12004203
6470;12003277
6465;12003512
6475;12003282
6524;12003331
6522;12003329
6490;12003297
6545;12003352
6476;12003283
6530;12003337
6510;12003317
6534;12003341
6434;12003455
6505;12003312
8824;12004281
6551;12003358
3907;30009634
4587;30010369
6487;12003294
5209;30008641
6543;12003350
4812;12001969
7484;30004504
7425;30004447
7370;30011568
7310;30011471
7817;30003138
7480;30010485
7331;30011543
7333;30011455
7488;30007691
7490;30003658
7840;30011852
7461;30000845
7311;30011531
7813;30012208
7437;30004483
4557;30010327
2447;12001780
7815;30008689
7446;30005329
7822;30011851
8766;12004204
7508;30000645
7492;30006496
6226;12003224
8825;12004282
7456;30002148
5396;12002034
7502;30007919
8703;12004173
7372;30011534
7330;30011477
8905;12004360
8602;12004005
4373;30010151
7324;30011533
7447;30004503
6552;12003359
7505;16002427
5842;12003026
7481;30001286
7479;30003351
7478;30001533
7450;30003842
7829;30006206
7373;30011491
7462;30003617
7436;30007735
7344;30011627
7503;30001319
8532;12004048
7342;30011469
7830;30012213
7831;30012214
8180;30011550
3379;30008987
7459;30005660
6492;12003299
7816;30001664
7369;30011456
7323;30011514
7453;30001855
8423;30011502
4379;30010158
8767;12004205
8204;30004459
8826;12004283
7842;30012222
5834;12002036
8202;30000555
5427;12002511
8534;12004050
8210;30000215
8215;30001930
8906;16012348
6559;12003366
6560;12003367
6516;12003323
6557;12003364
6553;12003360
6690;30011706
7317;30011450
8211;30003748
6555;12003362
8637;12004040
6558;12003365
4553;30010325
4577;30010353
8195;30011242
4018;30009774
8212;30011143
6223;12003221
6556;12003531
5563;12002327
8213;30011348
5844;12003027
8630;12004033
8198;30002755
8191;30008495
8203;30003912
6554;12003361
8196;30002166
7824;30002489
6633;30007681
6575;12003422
6641;30011678
6621;30011676
4372;30010150
2712;30000550
2659;30000218
6594;30012094
6610;30009277
6642;30002025
6601;30012229
5293;12002837
6602;30012230
7334;30011595
7343;30011496
6634;30011674
6199;12003432
8236;30005392
7319;30011506
6577;12003381
6599;30003626
6576;12003380
6579;12003562
5854;12002370
4058;30009825
6572;12003379
8424;30011941
7346;30011626
8768;12004206
8535;12004051
8875;12004361
5752;12003034
8827;12004284
4737;12002076
6565;12003372
5896;12002479
4079;30009841
6626;30007580
6625;30011671
6636;30011675
6588;30011152
6635;30003964
8235;30002910
6632;30003008
6578;12003560
6639;30011677
3253;30006974
6631;30011673
6623;30003389
6628;30003100
6629;30011672
3584;30009221
6568;12003375
7399;30011273
6574;12003421
6586;30011976
6600;30012219
2503;12001838
5559;12002336
6640;30002283
5329;12002179
6627;30003896
6569;12003376
6620;30011908
6587;30011979
8606;12004009
6590;30006063
6561;12003368
5595;12002201
7374;30011569
6589;30011992
2448;12001781
6591;30011993
7329;30011475
5865;12002382
6245;12003405
6564;12003371
6593;30010635
6563;12003370
8634;12004037
6570;12003377
7347;30011606
6562;12003369
6566;12003373
6573;12003420
6571;12003378
7401;30011483
4802;12002132
6732;30011697
6666;30002760
5412;12002480
3525;30009143
8425;30005686
6717;30011940
6681;30012005
6744;30011959
8206;30003121
6684;30011932
6688;30001102
6719;30003926
6749;30003435
6742;30005930
6683;30009030
8288;30002032
8769;12004207
6738;30011950
6747;30005935
6679;30006697
6733;30011682
8241;30011404
6721;30011944
6685;30011720
6691;30011693
6655;30011767
6737;30001425
6661;30011695
6689;30011692
6736;30011769
7837;30012221
8561;12003963
6656;30001136
8907;12004366
6674;30008521
8205;30000696
7853;30011067
6677;15000036
8299;30006885
6694;30011745
6724;30011947
7862;30011858
6665;30002743
6697;30012071
6746;30003415
6727;30003274
6728;30003275
6731;30009470
6668;30003437
6682;30011716
6693;30011694
6669;30003443
7857;30004590
6856;30010882
6673;30006946
6686;30000364
6726;30011757
6692;30007488
8632;12004035
6716;30011711
4582;30010361
6676;30003697
6741;30011951
6718;30011948
7854;30003668
6698;30011699
6687;30005136
6680;30011930
6643;30004943
8300;30011025
6695;30002161
6675;30000320
8289;30006775
6219;12003217
8700;12004170
8193;30011244
6743;30005931
6729;30003276
6723;30011946
6514;12003321
7365;30011630
6752;30011945
8770;12004208
7357;30011461
6761;30011783
7366;30011591
6750;30003436
6496;12003303
8553;12003955
6758;30011718
4170;30009946
6849;30012087
6831;30011990
6847;30010778
6773;30011971
4510;30010285
5403;12002599
6757;30011027
8225;30008493
4109;30009874
2748;30000801
6308;12003238
6763;30011751
4901;30006874
6760;30003700
8538;12004054
6759;30012123
4475;30010244
2537;12001871
7838;30004204
6873;30011724
6850;30011981
7506;30001316
3406;30009015
6751;30012024
7449;30004449
7448;30004448
5491;12002308
2538;12001872
6881;30005663
7839;30005374
6860;30012004
6834;30002824
7389;30011586
6833;30005042
6790;30011725
6802;30004925
7377;30011500
8250;30006601
6826;30011749
7463;30010480
6788;30012132
6852;30010718
6767;30009156
6865;30011057
7407;30011481
6868;30012109
8771;12004209
7382;30002857
2562;12001896
6789;30011760
6785;30011931
8427;30011385
7353;30011505
6862;30004473
6753;30011958
6754;30011717
6791;30011734
6803;30011977
7409;30011113
7391;30011535
6842;30011995
7371;30005025
7383;30011529
7417;30001021
6867;30004559
4129;30009901
5972;12002868
6533;12003340
6787;30011972
6835;30002973
7378;30011520
5404;12002600
7397;30003262
7368;30011592
6823;30011719
7376;30007680
8207;30007002
6880;30011238
6822;30005046
7414;30008428
4401;30010169
8638;12004041
8539;12004055
8323;12003573
7460;30007790
6755;30003504
6825;30009346
6311;12003241
6786;30004521
6824;30011737
6756;30012009
7352;30011495
6828;30012050
6883;30011747
4147;30009920
7422;30006014
4765;16011458
7843;30012266
7360;30011613
2487;12001822
8280;30003163
6781;30012015
7429;30001844
6779;30011968
7430;30006457
4414;30010180
7427;30006458
2539;12001873
8684;12004188
8260;30005326
7438;30003006
7432;30001007
6776;30011973
4299;30010077
7363;30011519
6778;30011967
8772;12004211
6318;12003559
8276;30000568
6777;30010945
4442;30010214
7359;30011509
7375;30011576
2793;30001244
6527;12003334
8428;12001976
7431;30002094
7421;30001079
7439;30010478
5971;12002872
8540;12004056
8278;30011399
7400;30011478
7404;30011479
8262;30003598
7361;30011622
7402;30011486
7362;30011457
5637;12002325
4404;30010172
6765;30011690
7424;30002822
7443;30001246
7423;30006692
6766;30011964
6764;30011962
7428;30000360
8286;30005294
6780;30000213
8277;30007006
7440;30001953
7434;30002575
6806;30009206
7846;30005189
8773;12004212
6807;30011715
7847;30012227
6784;30011010
6819;30011765
7358;30011620
7416;30002332
6774;30011723
7851;30012303
8220;30004002
8685;12004189
7849;30007702
6797;30011943
4313;30010096
4253;30010025
6832;30011991
6818;30010538
5967;12002940
5724;12002526
7396;30001044
8060;30011905
6320;12003252
6770;30011683
7386;30011480
7415;30002602
7848;30003403
6820;30011735
6768;30011171
6810;30011999
8222;30007536
8541;12004057
8429;30001644
8219;30001647
7385;30011485
6813;30003273
7452;30010746
6769;30011733
6501;12003308
6817;30011986
7863;30011859
7455;30003734
8218;30008621
6775;30011969
6783;30004536
7384;30011487
6309;12003239
7864;30001122
7392;30011351
7394;30011294
7451;30010501
7381;30011623
7395;30007676
6794;30011728
8217;30006354
7387;30011552
6811;30012028
7380;30011577
6816;30004557
6104;12002001
6798;30011730
7398;30003263
6795;30003692
8221;30005393
6821;30012017
6801;30011731
8732;12004122
7510;30000423
6841;30011994
8686;12004190
7413;30001213
7419;30004576
5860;12002604
6837;30009494
8687;12004191
7858;30003288
4562;30010332
7444;30003005
6836;30002974
7516;30001325
6804;30011860
6838;30003032
7512;30007038
7507;30005592
6808;30012048
7509;30005469
6493;12003300
5869;12002919
7519;30005446
6839;30003033
5966;12002900
7517;30011289
6126;12002882
7511;30000891
7522;30004412
8227;30003615
8143;30011540
7411;30004890
6840;30000753
7520;30005728
7515;30003160
6792;30011726
7859;30012231
7412;30001565
6843;30009482
7445;30003326
7524;30005590
7521;30000606
7441;30005167
7420;30002098
7405;30011488
4045;30009809
7442;30000613
7406;30011489
7410;30011112
4002;30009753
8430;30005545
8712;12004182
6809;30011980
4374;30010152
5307;12002719
8542;12004058
2783;30001093
6812;30002757
7860;30011856
7861;30011857
7532;30008046
8226;30008143
8349;12003561
7915;30002827
6857;30003375
6858;30003442
7879;30008935
4291;30010068
5604;12002557
6664;30006411
7911;30011884
7880;30011874
7867;30011863
7500;30008585
6870;30011741
7920;30012246
5847;12002123
6494;12003301
8607;12004010
5959;12002933
8688;12004192
7921;30012247
7472;30006249
8273;30004472
2845;30001710
8249;30007040
7473;30007133
7477;30001833
6871;30011742
6872;30011743
6869;30000174
7499;30006950
7498;30003186
6249;12003409
6851;30012000
6853;30012001
6172;12002937
7504;30005440
4319;30010104
2911;30002544
7501;30008277
7923;30000400
6859;30012003
7458;30001326
7476;30000363
8246;30011405
7883;30011877
7497;30001550
7457;30001773
8572;12003975
6846;30003764
6845;30003763
6844;30011996
8701;12004171
2497;12001832
7474;30000451
8248;30003975
7877;30011872
7884;30011878
7918;30012244
7919;30012245
6963;30012088
6925;30011762
6931;30000849
4363;30010139
6922;30010854
6897;30011700
6945;30011753
6888;30002179
6914;30012016
6918;30011759
6942;30011077
6920;30011736
6961;30004432
6915;30005551
6923;30011987
7537;30006809
6900;30011773
6932;30010970
6905;30011754
6972;30012020
7487;30006688
6933;30012023
6913;30006186
6916;30003205
6907;30011756
6935;30010896
6910;30012012
7493;30007782
6892;30011006
6965;30011780
6964;30011772
6948;30010500
6966;30011983
7489;30001258
6908;30011714
6974;30012033
3866;30009561
6938;30003394
6904;30011712
6911;30009461
6928;30011752
7494;30003238
7535;30001646
6921;30011721
6943;30009544
6939;30011082
7496;30006513
6951;30003604
6947;30012026
6917;30011052
6973;30006509
6977;30003245
6877;30011371
6969;30011786
6955;30010858
6946;30011755
6934;30005859
6950;30002126
6909;30011758
6958;30004547
6941;30011750
6956;30012039
6953;30011761
6889;30011691
6936;30011998
6230;12003228
6975;30011954
5861;12002574
6919;30012040
6898;30012043
6944;30012025
6979;30012034
6982;30012115
6976;30011775
7495;30006548
6926;30006770
6259;12003419
6952;30011982
8244;30004741
6890;30011960
8254;30003398
7486;30008684
4114;30009882
8628;12004031
7868;30011864
7869;30011865
7475;30005445
2953;30003054
7485;30007778
3178;30005276
6517;12003324
8545;12004061
8252;30011406
5528;12002431
7483;30003184
8690;12004160
4235;30010010
3998;30009744
8639;12004042
5879;12002909
8270;30011402
5965;12002938
6211;12003209
4435;30010206
8610;12004013
4498;30010270
2397;12001728
4232;30010009
7467;30006949
8253;30000200
7482;30002831
8231;30001675
7491;30002887
6984;30011974
8256;30000591
8301;30010709
8234;30010749
7468;30006336
7928;30001067
8012;30012290
6989;30012019
4378;30010157
4308;30010089
4421;30010189
8546;12004062
7899;30012241
7961;30012267
5514;12002400
5652;12002520
6520;12003327
7989;30007186
6212;12003210
8019;30012295
8020;30006393
8021;30002076
4448;30010219
7870;30011866
7871;30011867
7514;30004788
6990;30012110
7874;30011870
7936;30012254
7875;30010946
7963;30001583
7998;30011899
7970;30011890
7878;30011873
8238;30005491
8478;12002007
2557;12001891
5359;12002585
2422;12001755
7513;30001777
3015;30003432
8022;30001060
7876;30011871
8004;30012286
7933;30004162
7934;30012253
8239;30003162
7996;30012281
8023;30012297
8691;12004161
7578;30002873
6986;30000328
7967;30012269
8547;12004063
7563;30006589
7922;30012248
7982;30012275
8265;30007027
7548;30005148
8310;30005488
2419;12001752
8311;30005490
5648;12002516
7950;30011888
7525;30010720
7937;30003128
7549;30001563
7562;30000673
7564;30006806
8266;30010804
3669;30009312
7949;30012261
7579;30003593
6322;12003254
4437;30010207
7990;30005526
7993;30000651
3988;30009734
7071;30011793
7966;30004723
7905;30011881
7968;30010498
3840;30009530
7872;30011868
7952;30003234
5492;12002309
7953;30012263
7954;30012264
7577;30008333
6521;12003328
7956;30000024
5876;12002918
7527;30001114
8030;30012301
7951;30012262
8037;30000083
7567;30003662
8694;12004164
7873;30011869
5358;12002560
7546;30003345
8268;30011403
8267;30003358
8027;30011900
7568;30003483
8240;30011408
7900;30006299
7566;30000660
7544;30002830
7545;30003908
7128;30011801
7088;30005478
7882;30011876
7560;30003536
7101;30007056
7121;30012113
7529;30004482
7100;30011796
7129;30007028
7556;30000356
7132;30004809
8548;12004064
7138;30012097
7528;30003676
7526;30004413
7114;30011799
7125;30004499
4662;30010441
8333;12003583
7570;30007532
7555;30010552
5271;12002121
7122;30011800
8334;12003584
8332;12003582
4302;30010082
5485;12002302
6987;30002806
4997;30008652
7095;30001731
6321;12003253
7126;30012051
7115;30000812
7116;30006399
7070;30011792
6988;30008614
7068;30011790
7554;30003181
7124;30009028
6518;12003325
8242;30007899
7072;30011081
7087;30004232
7574;30010596
5877;12002922
7133;30011939
7135;30011956
5797;12002249
7137;30011975
7134;30011802
2943;30002962
7553;30003675
8243;30005508
7881;30011875
8695;12004165
3204;30006076
7113;30011798
6991;30000386
2486;12001821
5703;12002436
5092;30010814
5836;12001999
8302;30010840
8263;30004050
8303;30003573
6992;30012038
6325;12003257
8291;30003865
7930;30012252
7536;30004414
2952;30003048
8696;12004166
8550;12003950
7929;30000805
7932;30004375
7938;30012255
7939;30010407
4067;30009830
8245;30008318
6491;12003298
5700;12002425
4525;30010300
7886;30007755
7925;30001793
7926;30012249
5878;12002923
8264;30011397
4368;30010144
7931;30006130
7940;30012256
7942;30011887
7944;30001384
2644;30000129
6993;30006280
7538;30000605
8258;30002752
7901;30004466
8295;30010597
7907;30005534
8257;30003229
7947;30002175
6995;30008615
7902;30003665
7906;30011882
8552;12003954
4854;30001101
5699;12002413
7975;30012272
8296;30010661
6323;12003255
7913;30011886
7973;30011894
7000;30012124
7541;30006925
7001;30012103
7539;30000901
6998;30009434
7965;30004927
6184;12001995
7044;30006706
7054;30012061
5365;12002355
7004;30010694
7912;30011885
7039;30012054
7002;30011776
7053;30012060
6525;12003332
4513;30010287
7908;30003026
7012;30012065
7896;30012239
7540;30006907
7003;30011777
7009;30011335
6994;30004163
7029;30008370
7014;30011778
7055;30011076
7904;30011880
7909;30011883
7038;30012129
7943;30012257
8699;12004169
4889;12001983
8568;12003971
2656;30000202
7078;30012076
8342;12003592
8344;12003594
8341;12003591
5281;12001985
4209;30009994
7025;30012064
8343;12003593
7983;30008648
7987;30000180
7050;30012059
7542;30005557
8269;30011401
8287;30001074
7084;30005433
7080;30003176
7069;30011791
7013;30008308
7023;30011781
2983;30003266
6222;12003220
7974;30011895
2654;30000197
7061;30003713
7011;30012098
7017;30011779
7052;30011738
7005;30012044
4173;30009949
8274;30001780
7008;30012047
8285;30004962
7033;30011708
6515;12003322
7035;30012052
7083;30011795
7063;30006225
8702;12004172
7955;30000152
7081;30004369
7979;30011896
5366;12002577
7049;30003120
7981;30011898
7064;30011788
8345;12003595
8730;12004120
7036;30006245
8554;12003956
5354;12002315
7051;30004271
7010;30003545
7007;30007859
7020;30001852
7016;30003336
7047;30012057
7960;30011889
2424;12001757
7946;30012259
7037;30011784
7019;30003385
7018;30012049
7079;30004350
7030;30008299
4821;30003158
7543;30000029
7550;30005415
7146;16006887
7985;30004592
8555;12003957
3967;30009706
7980;30011897
8283;30002129
7034;30003235
7977;30012274
7986;30012276
7149;30012090
7988;30012277
7571;30003289
8017;30000420
7027;30012086
7118;30007113
7153;30012105
7144;30008423
7046;30012056
6647;30002838
7048;30012058
8002;30008297
7139;30011803
7978;30009003
8751;12004142
7022;30011101
5781;12002255
7984;30005232
6365;12003382
8016;30012292
7148;30011963
7147;30012102
6512;12003319
7140;30006243
7145;30006257
7141;30012099
7021;30012046
7572;30001318
2674;30000324
7045;30006255
5705;12002447
2736;30000710
2649;30000166
8704;12004174
8000;30000245
7551;30003156
5486;12002303
2737;30000713
8009;30012287
8014;30008608
8330;12003580
6117;12002558
6513;12003320
8042;30011902
8329;12003579
8556;12003958
3992;30009738
8053;30012322
8018;30012294
8029;30012300
7058;30012062
8304;30007588
8008;30010502
8050;30011903
8010;30012305
8011;30012311
7558;30001898
7056;30003458
7057;30009542
8282;30011400
6147;12002647
4274;30010048
5459;12002746
3050;30003680
8013;30008606
8048;30012318
8055;30010622
7557;30001212
8040;30004650
5364;12002378
7561;30001260
8707;12004177
8621;12004024
7188;30012082
7168;30011808
7580;30000848
7154;30000210
7157;30011807
7198;30012042
7184;30011811
7213;30011813
5733;12002703
8072;30012280
7158;30012106
7205;30011966
7208;30011952
7159;30010850
7189;30010768
6007;12002563
7074;30010598
7155;30003083
7164;30007823
7180;30009398
7206;30012027
8708;12004178
7166;30012035
7195;30012127
7173;30004664
7297;30011463
7201;30011929
8057;30003600
7090;30012073
7235;30011816
7187;30010926
7586;30009345
7106;30012079
7167;30012112
7156;30011806
7179;30004266
7226;30010857
7175;30000880
7217;30012139
7177;30009509
7178;30012119
7237;30004327
7089;30012072
7182;30005409
7218;30012140
7197;30001959
7190;30007690
7174;30012111
7216;30012138
7192;30011093
7161;30012108
5249;30003302
7215;30012137
7203;30001576
7200;30003183
7109;30006510
7107;30012080
7204;30012118
8041;30004730
7207;30001289
7228;30012145
7209;30012089
7210;30008178
7211;30012091
7212;30012135
8290;30006193
7214;30012136
7183;30011810
8044;30011020
7163;30000836
7196;30011812
7224;30000149
7225;30012144
7160;30012084
7231;30012147
7232;30012148
6531;12003338
7236;30012149
7219;30012141
7194;30012126
8032;30008430
3172;30005194
8068;30006239
7582;30000050
8339;12003589
8340;12003590
4223;30010002
8080;30002560
7238;30004803
8084;30003477
8081;30012335
8110;30012349
8313;12002160
8123;30011988
8128;30011918
7583;30003439
8083;30012336
8120;30006602
8314;12003564
8292;30001864
6535;12003342
6528;12003335
8127;30011917
8031;30007127
8114;30011915
8709;12004179
5734;12002704
8319;12003569
8109;30011914
8318;12003568
7273;30011827
8104;30011103
3985;30009730
8774;16012294
7255;30009449
7581;30000026
2672;30000309
5746;12002831
8082;30011910
8560;12003962
8627;12004030
3062;30003837
7243;30012153
7621;30003608
7585;30004402
7268;30011825
7240;30012151
7614;30000833
7242;30011818
7616;30005747
8293;30008292
7246;30012155
7248;30012156
5601;12002217
7584;30005246
7249;30012157
5560;12002340
7241;30012152
7251;30011820
7611;30005461
7247;30004416
7267;30003513
7245;30012154
2852;30001794
2916;30002726
7615;30000034
7618;30001259
7271;30005629
5826;12002550
6251;12003411
8562;12003965
8059;30011904
8710;12004180
8741;12004132
7590;30003114
7601;30011628
8294;30010576
7617;30001309
7619;30009042
7620;30005360
7250;30011819
8601;12004004
2483;12001818
8051;30012320
7264;30008618
8058;30010645
7594;30000439
7602;30003004
7588;30001862
7593;30006305
7270;30012161
7257;30011822
7589;30008625
7253;30002949
7259;30001813
3293;30007836
8085;30006059
7263;30012160
5567;12002392
5600;12002216
8711;12004181
8087;30004463
8131;30011921
8130;30011920
7258;30011823
8102;30009070
8119;30011640
7600;30009228
8564;12003967
8103;30007607
7252;30011821
8116;30004507
3828;30009516
7592;30010941
2922;30002777
2756;30000881
8108;30011913
7609;30003228
7622;30005748
8071;30003633
8090;30006687
8115;30012352
8105;30011912
7307;30011508
7632;30000251
8118;30008213
6253;12003413
7260;30012158
8297;30010662
7607;30000887
7599;30006304
7604;30006704
4061;30009827
7633;30007206
8063;30011906
7595;30008199
7605;30007814
8064;30012326
7261;30005472
5596;12002214
7642;30000297
8592;12003995
7596;30006969
8092;30012340
3039;30003620
8715;12004185
7625;30000988
8305;30011046
8565;12003968
3758;30009427
2480;12001814
6415;12003395
7598;30011629
7641;30008204
7635;30002088
7631;30004492
7643;30004604
7332;30011528
8306;30007022
5024;30003994
7597;30000108
7637;30007213
4093;30009860
7636;30008243
7634;30007183
7624;30006568
7277;30001572
7351;30011602
8593;12003996
7660;30000523
7627;30000611
8308;30010722
7646;30006755
7613;30004082
4828;30003893
7657;30011270
3524;30009142
7275;30011482
7280;30011631
2679;30000349
8716;12004186
8566;12003969
7290;30011470
7639;30003767
6366;12003383
6720;30011680
8307;30010639
7653;30003915
7654;30002988
7651;30006048
7262;30012159
3346;30008960
7623;30001557
7265;30003595
2973;30003220
7628;30005988
7663;30003222
8736;12004126
3446;30009061
4281;30010059
7688;30001266
8312;30005544
3711;30009377
8309;30007474
7656;30001296
8129;30011919
7659;30004011
7658;30004157
7699;30001155
7638;30006277
7650;30000185
7644;30003533
7664;30004010
7640;30007150
7647;30005474
7630;30001992
7696;30003055
7645;30004490
7661;30008234
7700;30006234
7695;30007563
7697;30004425
7648;30004192
7701;30012162
8567;12003970
6696;30011681
2764;30000944
6368;12003385
5816;12001975
7681;30005621
7687;30003059
7692;30004531
5744;12002828
8597;12004000
6595;30004389
6584;30011707
5369;12002145
8315;12003565
6651;30011687
6866;30004553
6703;30011740
8331;12003581
8317;12003567
6667;30003127
4309;30010091
6711;30002345
6645;30005197
8594;12003997
6901;30011704
6604;30012235
6650;30003859
6369;12003386
6887;30011689
8320;12003570
8316;12003566
6657;30008597
5316;12002193
4361;30010137
6710;30009406
7674;30003040
6893;30011696
6613;30011901
6894;30011744
6878;30010771
6592;30010636
6597;30008000
8569;12003972
2926;30002794
6582;30011935
6924;30011817
6879;30000509
6896;30012055
6581;30011933
6596;30012041
6903;30012014
6700;30011292
6646;30005608
6704;30011703
7266;30011824
6580;30004234
6699;30011702
6701;30011705
6707;30011937
8321;12003571
6706;30010930
6864;30011774
3564;30009198
6583;30007980
6644;30011679
6653;30002028
6902;30011722
6709;30011709
6885;30012125
5006;30002410
6702;30011701
6585;30009484
7665;30005261
6886;30011688
4282;30010061
3995;30009741
6884;30011245
8322;12003572
6713;30011764
6705;30011936
6715;30011710
